url,review_reason
https://www.how-ma.com/mag/buy/p136/,p_number_slug
https://www.how-ma.com/mag/buy/p151/,p_number_slug
https://www.how-ma.com/mag/interview/ccompletion-of-sale-interview-36/,possible_typo_slug
https://www.how-ma.com/mag/market/p160/,p_number_slug
https://www.how-ma.com/mag/money/p147/,p_number_slug
https://www.how-ma.com/mag/money/p15/,p_number_slug
https://www.how-ma.com/mag/money/p21/,p_number_slug
https://www.how-ma.com/mag/money/p71/,p_number_slug
https://www.how-ma.com/mag/sell/%e4%bb%bb%e6%84%8f%e5%a3%b2%e5%8d%b4%e5%be%8c%e3%81%ae%e7%94%9f%e6%b4%bb%e8%b2%bb%e7%94%a8%e3%82%92%e7%a2%ba%e4%bf%9d%e3%81%a7%e3%81%8d%e3%82%8b%ef%bc%9f-howma%e4%b8%8d%e5%8b%95%e7%94%a3%e5%a3%b2/,url_encoded_slug
https://www.how-ma.com/mag/sell/p148/,p_number_slug
https://www.how-ma.com/mag/sell/p19/,p_number_slug
https://www.how-ma.com/mag/sell/p380/,p_number_slug
https://www.how-ma.com/mag/sell/p382/,p_number_slug
https://www.how-ma.com/mag/sell/p384/,p_number_slug
https://www.how-ma.com/mag/special/p137/,p_number_slug
https://www.how-ma.com/mag/special/p143/,p_number_slug
https://www.how-ma.com/mag/special/p146/,p_number_slug
https://www.how-ma.com/mag/special/p152/,p_number_slug
https://www.how-ma.com/mag/special/p154/,p_number_slug
