url,category,slug,title,h1,meta_description,fetch_error
https://www.how-ma.com/mag/sell/ai-sell-realestate-perfectguide-10_4/,sell,ai-sell-realestate-perfectguide-10_4,売買のベテラン仲介営業がいつも後悔する、不動産売買の決済のあるあるトラブル事例と「後悔しない」手続を独白！ | HowMaマガジン｜家を売る、いつか売るに備えるWEBメディアです,売買のベテラン仲介営業がいつも後悔する、不動産売買の決済のあるあるトラブル事例と「後悔しない」手続を独白！,不動産の決済とは「残代金の授受」と「物件の引渡し」を行う取引の最終段階のことです。 しかし、売買のベテラン仲介営業でも、ヒヤっとす […],
https://www.how-ma.com/mag/sell/ai-sell-realestate-perfectguide-1_1/,sell,ai-sell-realestate-perfectguide-1_1,2分で分かる！不動産AI査定の正しい理解・使い方と査定結果の解釈・次に取るべき行動 | HowMaマガジン｜家を売る、いつか売るに備えるWEBメディアです,2分で分かる！不動産AI査定の正しい理解・使い方と査定結果の解釈・次に取るべき行動,不動産AI査定は、住所や築年数などの基本情報を入力するだけで、現在の売却相場をすぐに把握できる便利なサービスです。しかし、算出され […],
https://www.how-ma.com/mag/sell/ai-sell-realestate-perfectguide-1_2/,sell,ai-sell-realestate-perfectguide-1_2,不動産の買い替えをまず考えるときにぶち当たる「ダブルローン・仮住まい・同時決済」の違いを徹底図解 | HowMaマガジン｜家を売る、いつか売るに備えるWEBメディアです,不動産の買い替えをまず考えるときにぶち当たる「ダブルローン・仮住まい・同時決済」の違いを徹底図解,自宅の住み替えで最初に直面するのが、「売り先行か、買い先行か」という悩みです。 住み替えでは、「今の家を売ること」と「新しい住まい […],
https://www.how-ma.com/mag/sell/ai-sell-realestate-perfectguide-1_3/,sell,ai-sell-realestate-perfectguide-1_3,売った後のお金は大事すぎる！不動産AI査定＋ローン残高から、あなたの物件の手残り金額を試算 | HowMaマガジン｜家を売る、いつか売るに備えるWEBメディアです,売った後のお金は大事すぎる！不動産AI査定＋ローン残高から、あなたの物件の手残り金額を試算,不動産を売却する際に最も気になるのは「いくらで売れるか」ではないでしょうか。 しかし、本当に重要なのは「売却後、最終的に自分の手元 […],
https://www.how-ma.com/mag/sell/ai-sell-realestate-perfectguide-1_4/,sell,ai-sell-realestate-perfectguide-1_4,不動産売却にかかる費用は売却価格の約5%？結局いくらかかるの？手取り額の計算方法と、自宅と投資用の違いも徹底解説！ | HowMaマガジン｜家を売る、いつか売るに備えるWEBメディアです,不動産売却にかかる費用は売却価格の約5%？結局いくらかかるの？手取り額の計算方法と、自宅と投資用の違いも徹底解説！,不動産売却にかかる費用は、一般的に売却価格の5％程度が目安です。 などがかかります。 さらに、売却で利益（譲渡益）が出た場合には、 […],
https://www.how-ma.com/mag/sell/ai-sell-realestate-perfectguide-6_1/,sell,ai-sell-realestate-perfectguide-6_1,自宅の売却を依頼する不動産会社選びの3つのステップ | HowMaマガジン｜家を売る、いつか売るに備えるWEBメディアです,自宅の売却を依頼する不動産会社選びの3つのステップ,AI査定で相場感をつかみ、机上査定などで売却価格の目安が見えてくると、いよいよ実際に売却を任せる会社を選ぶ段階に入ります。ただ、査 […],
https://www.how-ma.com/mag/sell/ai-sell-realestate-perfectguide-6_2/,sell,ai-sell-realestate-perfectguide-6_2,失敗しない！信頼できる不動産業者を見抜く10のチェックポイント | HowMaマガジン｜家を売る、いつか売るに備えるWEBメディアです,失敗しない！信頼できる不動産業者を見抜く10のチェックポイント,不動産会社はどこも「高く売れます」「お任せください」と言います。ホームページや営業トークを見比べても違いが分かりにくく、査定額が高 […],
https://www.how-ma.com/mag/sell/ai-sell-realestate-perfectguide-8_2/,sell,ai-sell-realestate-perfectguide-8_2,買主に最高の内覧体験を提供し、気持ちよく買ってもらうための内覧対応の黄金パターン | HowMaマガジン｜家を売る、いつか売るに備えるWEBメディアです,買主に最高の内覧体験を提供し、気持ちよく買ってもらうための内覧対応の黄金パターン,不動産売却で納得のいく結果を得るためには、まず「いくらで売るのか」という価格の基準を明確にすることが欠かせません。相場とかけ離れた […],
https://www.how-ma.com/mag/sell/ai-sell-realestate-perfectguide-8_3/,sell,ai-sell-realestate-perfectguide-8_3,内覧で好印象を与え売却成約率を上げる！ハウスクリーニングの重点箇所とコツ | HowMaマガジン｜家を売る、いつか売るに備えるWEBメディアです,内覧で好印象を与え売却成約率を上げる！ハウスクリーニングの重点箇所とコツ,内覧時の第一印象は、売却結果を左右する大きなポイントです。 ただ、高額なリフォームをする必要はなく、玄関や水回りなど“印象単価”の […],
